Word,POS
abandon,noun
ability,noun
able,adjective
abolish,noun
abolished,verb_past
abolition,noun
abridge,noun
abridgment,noun
abroad,adverb
absolute,adjective
absolutely,adverb
abstract,adjective
absurd,noun
absurdity,noun
abundant,noun
abuse,noun
abused,verb_past
accidental,adjective
accommodated,verb_past
accommodation,noun
accompanied,verb_past
accomplish,adjective
accomplished,adjective
according,verb
accordingly,adverb
account,noun
accumulation,noun
accuracy,noun
accurate,noun
accusation,noun
accustomed,verb_past
achaean,adjective
acknowledge,noun
acknowledged,verb_past
acquaintance,noun
acquainted,verb_past
acquire,noun
acquired,verb_past
acquisition,noun
act,noun
acting,verb
action,noun
active,adjective
activity,noun
actual,adjective
actually,adverb
actuated,verb_past
adapted,verb_past
add,noun
added,verb_past
addition,noun
additional,adjective
address,noun
addressed,verb_past
adequate,adjective
adherence,noun
adjusted,verb_past
administer,noun
administered,verb_past
administration,noun
admiralty,noun
admissible,adjective
admission,noun
admit,noun
admits,verb
admitted,verb_past
admitting,verb
admonish,adjective
admonition,noun
adopt,noun
adopted,verb_past
adoption,noun
advance,noun
advanced,verb_past
advancement,noun
advantage,noun
adversary,noun
adverse,noun
advert,noun
advice,noun
advocate,noun
affair,noun
affect,noun
affected,verb_past
affecting,verb
affection,noun
affinity,noun
affirm,noun
affirmative,adjective
affirmed,verb_past
afford,noun
afforded,verb_past
affords,noun
afraid,verb_past
age,noun
agency,noun
agent,noun
aggrandizement,noun
aggregate,noun
agitated,verb_past
agree,adjective
agreeable,adjective
agreed,noun
agriculture,noun
aid,noun
aim,noun
aimed,verb_past
alarm,noun
alarming,noun
alien,noun
alienation,noun
alleged,verb_past
alliance,noun
allotted,verb_past
allow,noun
allowed,verb_past
allowing,verb
alluded,verb_past
ally,adverb
alter,adjective
alteration,noun
alternative,noun
altogether,adverb
ambassador,noun
ambition,noun
ambitious,adjective
amendment,noun
america,noun
american,noun
ample,noun
amply,adverb
analogy,noun
anarchy,noun
ancient,noun
animosity,noun
annexed,verb_past
annihilation,noun
annual,adjective
answer,noun
answered,verb_past
answering,verb
antecedent,noun
anticipated,verb_past
apparent,noun
appeal,noun
appear,noun
appearance,noun
appeared,verb_past
appears,noun
applicable,adjective
application,noun
applied,verb_past
applies,noun
apply,adverb
appoint,verb
appointed,verb_past
appointing,verb
appointment,noun
apportionment,noun
apprehend,noun
apprehended,verb_past
apprehension,noun
approbation,noun
appropriated,verb_past
approve,noun
approved,verb_past
apt,noun
arbiter,noun
arbitrary,noun
ardent,noun
arduous,adjective
argue,noun
argument,noun
arise,noun
arises,noun
arising,verb
aristocracy,noun
arm,noun
army,noun
arrangement,noun
arrived,verb_past
art,noun
article,noun
artifice,noun
artificial,noun
ascertain,noun
ascertained,verb_past
ascribed,verb_past
ask,noun
asked,verb_past
aspect,noun
assembled,verb_past
assembly,adverb
assent,adjective
asserted,verb_past
assertion,noun
assigned,verb_past
assistance,noun
associated,verb_past
association,noun
assume,noun
assumption,noun
assurance,noun
athenian,noun
attached,verb_past
attachment,noun
attack,noun
attained,verb_past
attainment,noun
attempt,noun
attempted,verb_past
attend,noun
attended,verb_past
attending,verb
attention,noun
attribute,noun
augmentation,noun
author,noun
authority,noun
authorize,noun
authorized,verb_past
authorizes,noun
auxiliary,adjective
avail,noun
avarice,noun
avoid,verb_past
avoided,verb_past
aware,noun
away,adverb
axiom,noun
bad,adjective
balance,noun
barely,adverb
barrier,adjective
basis,noun
bear,noun
beget,noun
begin,noun
begun,noun
behavior,noun
behold,noun
believe,verb
belong,adjective
belonging,noun
belongs,noun
beneficial,adjective
benefit,noun
best,adjective
bestow,noun
betray,noun
betrayed,verb_past
betraying,verb
better,adjective
bias,noun
bind,verb
binding,verb
birth,adjective
blame,noun
blended,verb_past
blessing,verb
blind,noun
blood,noun
blow,noun
body,noun
bold,noun
border,noun
bound,noun
boundary,noun
branch,noun
breach,noun
break,noun
breast,noun
bring,verb
britain,noun
british,noun
brother,noun
brought,verb_past
building,noun
bulwark,noun
burden,noun
burdensome,noun
business,noun
cabal,noun
calamity,noun
calculated,verb_past
calculation,noun
called,verb_past
candid,noun
candor,noun
capable,adjective
capacity,noun
capital,noun
care,noun
career,noun
careful,noun
carefully,adverb
carolina,noun
carried,verb_past
carry,noun
carrying,verb
case,noun
cast,noun
casualty,noun
cause,noun
caution,noun
cease,noun
celebrated,verb_past
censure,noun
census,noun
centre,noun
century,noun
certain,adjective
certainly,adverb
certainty,noun
chain,noun
chance,noun
chancellor,noun
change,noun
channel,noun
character,noun
characteristic,adjective
charge,noun
chargeable,adjective
charged,adjective
charles,noun
check,verb
chief,adjective
chiefly,adverb
chimerical,adjective
choice,noun
choose,noun
chosen,noun
circle,noun
circulation,noun
circumscribed,verb_past
circumspection,noun
circumstance,noun
cited,verb_past
citizen,verb_past
city,noun
civil,noun
claim,noun
claimed,verb_past
clamor,noun
clashing,noun
class,noun
clause,noun
clear,noun
clearly,adverb
close,adjective
clothed,adjective
code,noun
coequal,adjective
coercion,noun
cognizance,noun
coin,noun
collect,noun
collected,verb_past
collecting,verb
collection,noun
collective,adjective
colony,noun
color,noun
colorable,adjective
combination,noun
combine,noun
combined,verb_past
come,noun
command,noun
commanded,verb_past
commencement,noun
commensurate,noun
comment,noun
commerce,noun
commercial,adjective
commission,noun
commit,noun
committed,verb_past
commodity,noun
common,adjective
commonly,adverb
commonwealth,adjective
communicated,verb_past
communication,noun
community,noun
compact,noun
comparative,adjective
compare,noun
compared,verb_past
comparison,noun
compass,noun
compelled,verb_past
compensation,noun
competent,noun
competition,noun
complaint,noun
complete,noun
completely,adverb
complexion,noun
compliance,noun
complicated,verb_past
compose,noun
composed,verb_past
composing,verb
composition,noun
compound,noun
comprehend,noun
comprehended,verb_past
comprehending,verb
comprehensive,adjective
comprised,verb_past
compromise,noun
conceded,verb_past
conceive,adjective
conceived,verb_past
concern,noun
concerned,verb_past
concerning,verb
concert,noun
concession,noun
conclude,noun
concluded,verb_past
conclusion,noun
conclusive,adjective
concur,noun
concurrence,noun
concurrent,noun
condemn,noun
condition,noun
conducive,noun
conduct,noun
conducted,verb_past
confederacy,noun
confederate,noun
confederated,verb_past
confederation,noun
confer,noun
conferred,verb_past
conferring,verb
confess,noun
confessed,verb_past
confide,noun
confided,verb_past
confidence,noun
confine,noun
confined,verb_past
confirm,noun
conflict,noun
conformable,adjective
conformity,noun
confusion,noun
congress,noun
conjecture,noun
conjuncture,noun
connect,noun
connected,verb_past
connecticut,noun
connection,noun
conquest,noun
consent,noun
consequence,noun
consequently,adverb
consider,adjective
considerable,adjective
considerate,noun
consideration,noun
considered,verb_past
considering,verb
considers,noun
consist,verb
consistent,adjective
consisting,noun
consists,noun
consolidation,noun
consonant,noun
conspiracy,noun
conspire,noun
constant,noun
constantly,adverb
constituent,noun
constitute,noun
constituted,verb_past
constitutes,noun
constituting,verb
constitution,noun
constitutional,adjective
constitutionally,adverb
construction,noun
construed,verb_past
consul,adjective
consult,noun
consultation,noun
consulted,verb_past
consumption,noun
contain,noun
contained,verb_past
contains,noun
contemplate,verb
contemplated,verb_past
contemplation,noun
contend,noun
contended,verb_past
contending,verb
content,noun
contention,noun
contest,noun
contingency,noun
continual,adjective
continually,adverb
continuance,noun
continue,verb
continued,verb_past
continuing,verb
contract,noun
contracted,verb_past
contradiction,noun
contradictory,noun
contrary,noun
contribute,noun
contribution,noun
contrived,verb_past
control,noun
controlled,verb_past
controversy,noun
convened,verb_past
convenience,noun
convenient,noun
convention,noun
conversant,noun
convey,noun
conveyed,verb_past
conviction,noun
convinced,verb_past
convulsion,noun
cool,noun
corp,noun
correct,noun
correcting,verb
correspond,noun
correspondent,noun
corresponding,verb
corrupt,adjective
corrupted,adjective
corruption,noun
council,noun
counsel,noun
countenance,noun
counteract,noun
counterbalance,noun
country,noun
countryman,noun
county,noun
course,noun
court,noun
create,noun
created,verb_past
creation,noun
credit,noun
criminal,noun
crisis,noun
criterion,noun
critical,adjective
crown,noun
cure,noun
curious,adjective
current,noun
custom,noun
d,noun
daily,adverb
danger,adjective
dangerous,adjective
day,noun
death,noun
debt,noun
deceived,verb_past
decide,adjective
decided,verb_past
decision,noun
decisive,adjective
declamation,noun
declaration,noun
declare,noun
declared,verb_past
declares,noun
declaring,verb
decree,noun
deduction,noun
deemed,verb_past
deep,noun
deeply,adverb
defeat,noun
defeated,verb_past
defect,noun
defective,adjective
defend,noun
defense,noun
defensive,adjective
deficiency,noun
define,noun
defined,verb_past
definition,noun
degenerate,noun
degraded,verb_past
degree,noun
delaware,noun
delay,noun
delegated,verb_past
delegation,noun
deliberate,noun
deliberation,noun
delicate,noun
delineated,verb_past
delinquent,noun
demand,noun
demanded,verb_past
demonstration,noun
denied,verb_past
denomination,noun
deny,noun
departed,verb_past
department,noun
departure,noun
depend,noun
dependence,noun
dependent,noun
depending,verb
depends,noun
depositary,adjective
deprive,adjective
deputy,noun
derive,adjective
derived,verb_past
deriving,verb
descent,noun
described,verb_past
description,noun
desert,noun
deserve,noun
deserves,noun
design,noun
designed,verb_past
desirable,adjective
desire,noun
desired,verb_past
despatch,noun
desperate,noun
despotism,noun
destitute,noun
destroy,noun
destroyed,verb_past
destruction,noun
determinate,noun
determination,noun
determine,noun
determined,verb_past
determining,verb
deviation,noun
devised,verb_past
devotion,noun
dictate,noun
dictated,verb_past
did,verb_past
diet,adjective
difference,noun
different,adjective
difficult,noun
difficulty,noun
diffusive,noun
dignity,noun
dilemma,noun
diminish,noun
diminished,verb_past
diminution,noun
direct,noun
directed,verb_past
direction,noun
directly,adverb
disadvantage,noun
discern,noun
discerning,verb
discernment,noun
discharge,noun
discord,noun
discover,noun
discovered,verb_past
discovery,noun
discretion,noun
discrimination,noun
discussed,verb_past
discussion,noun
disease,noun
disgrace,noun
disgust,noun
disinclined,verb_past
dismemberment,noun
dismission,noun
disorder,noun
display,noun
displayed,verb_past
disposal,noun
disposed,verb_past
disposition,noun
disproportionate,noun
dispute,noun
disputed,verb_past
disquisition,noun
disregard,noun
disregarded,verb_past
dissatisfaction,noun
dissension,noun
dissimilar,noun
dissolution,noun
dissolved,verb_past
distance,noun
distant,noun
distinct,noun
distinction,noun
distinguish,noun
distinguished,verb_past
distress,noun
distribution,noun
district,noun
distrust,noun
disunion,noun
disunited,verb_past
diversity,noun
divide,noun
divided,verb_past
division,noun
doctrine,noun
doe,noun
doing,verb
domestic,adjective
dominion,noun
double,adjective
doubt,noun
doubted,verb_past
doubtful,adjective
doubtless,noun
dozen,noun
draw,noun
drawn,verb_past
dread,noun
dreaded,verb_past
duly,adverb
duration,noun
duty,noun
dwell,noun
early,adverb
easily,adverb
easy,adjective
economy,noun
effect,noun
effected,verb_past
effectual,adjective
effectually,adverb
efficacious,adjective
efficacy,noun
efficient,noun
effort,noun
elect,noun
elected,verb_past
election,noun
elective,noun
elector,noun
elevated,verb_past
eligible,adjective
embarrass,noun
embarrassment,noun
embrace,noun
emergency,noun
eminence,noun
emolument,noun
emphatically,adverb
empire,noun
employ,noun
employed,verb_past
employing,verb
employment,noun
enable,adjective
enact,noun
encouragement,noun
encroachment,noun
end,noun
endeavor,noun
endeavored,verb_past
enemy,noun
energy,noun
enforce,noun
enforced,verb_past
engaged,verb_past
engagement,noun
engine,noun
england,noun
english,noun
enjoy,noun
enjoyed,verb_past
enjoys,noun
enlarge,verb
enlarged,verb_past
enlightened,verb_past
enmity,noun
enormous,adjective
enter,noun
entered,verb_past
enterprise,noun
enterprising,verb
entertain,noun
entertained,verb_past
enthusiasm,noun
entire,noun
entirely,adverb
entitled,verb_past
enumerated,verb_past
enumeration,noun
equal,adjective
equality,noun
equally,adverb
equilibrium,noun
equitable,adjective
equity,noun
equivalent,noun
erect,verb
erected,verb_past
erroneous,adjective
error,noun
escape,noun
escaped,verb_past
especially,adverb
essential,adjective
essentially,adverb
establish,adjective
established,adjective
establishes,noun
establishing,verb
establishment,noun
estate,noun
esteem,noun
estimate,noun
europe,noun
european,noun
evasion,noun
event,noun
evidence,noun
evident,noun
evidently,adverb
evil,adjective
exact,adjective
exactly,adverb
exaggerated,verb_past
examination,noun
examine,noun
examined,verb_past
example,noun
exceed,verb_past
exceeded,verb_past
excellence,noun
excellent,noun
excepted,verb_past
exception,noun
exceptionable,adjective
excess,noun
excise,noun
excite,noun
excited,verb_past
excluded,verb_past
excludes,noun
excluding,verb
exclusion,noun
exclusive,adjective
exclusively,adverb
execute,adjective
executed,verb_past
executing,verb
execution,noun
executive,noun
exemplified,verb_past
exempt,adjective
exemption,noun
exercise,noun
exercised,verb_past
exercising,verb
exert,noun
exerted,verb_past
exertion,noun
exhausted,verb_past
exhibit,noun
exhibited,verb_past
exigency,noun
exist,noun
existence,noun
existing,verb
exists,noun
expect,verb
expectation,noun
expected,verb_past
expediency,noun
expedient,noun
expense,noun
experience,noun
experienced,verb_past
experiment,noun
explain,noun
explained,verb_past
explanation,noun
export,noun
expose,noun
exposed,verb_past
express,noun
expressed,verb_past
expression,noun
expressly,adverb
extend,verb
extended,verb_past
extending,verb
extends,noun
extension,noun
extensive,adjective
extent,noun
external,adjective
extinguish,noun
extraordinary,adjective
extravagant,noun
extreme,noun
extremely,adverb
extremity,noun
eye,noun
fabric,noun
face,noun
facilitate,noun
facility,noun
fact,noun
faction,noun
factious,adjective
faculty,noun
fail,noun
fair,noun
faith,noun
faithful,noun
fall,noun
fallacious,adjective
fallacy,noun
fallen,noun
fallible,adjective
falling,noun
false,noun
familiar,noun
family,noun
far,adverb
fatal,adjective
fate,noun
fault,noun
favor,noun
favorable,adjective
favorite,adjective
fear,noun
feared,verb_past
feature,noun
federal,adjective
feeble,adjective
feel,noun
feeling,verb
felicity,noun
fellow,noun
felt,verb_past
fewer,adjective
fidelity,noun
field,noun
fifth,noun
fifty,noun
filled,verb_past
final,adjective
finally,adverb
finance,noun
fine,noun
firm,noun
firmness,noun
fit,noun
fix,noun
fixed,verb_past
flagrant,noun
flame,noun
flatter,noun
fleet,noun
flow,noun
fluctuating,verb
fna,noun
follow,noun
followed,verb_past
following,verb
folly,adverb
foot,noun
forbear,noun
forbid,verb_past
forbids,noun
force,noun
forced,verb_past
foregoing,verb
foreign,adjective
foreigner,noun
foresee,noun
foreseen,noun
foresight,noun
forever,noun
forget,noun
forgotten,noun
form,noun
formal,noun
formation,noun
formed,verb_past
formidable,adjective
forming,noun
forth,noun
fortified,verb_past
fortitude,noun
fortune,noun
forward,noun
foundation,noun
founded,verb_past
fountain,noun
fourth,adjective
fourthly,adverb
framed,verb_past
france,noun
free,adjective
freedom,noun
freely,adverb
frequency,noun
frequent,noun
frequently,adverb
fresh,adjective
friend,noun
friendly,adverb
friendship,noun
frontier,noun
frustrate,noun
fully,adverb
function,noun
fund,noun
fundamental,noun
furnish,noun
furnished,verb_past
furnishes,noun
future,adjective
gain,noun
gained,verb_past
garrison,noun
gave,verb_past
general,adjective
generally,adverb
genius,verb
gentleman,noun
genuine,noun
georgia,noun
germany,noun
given,verb_past
giving,verb
globe,noun
glory,noun
gold,noun
gone,noun
good,adjective
govern,noun
governed,verb_past
government,noun
governor,noun
gradual,adjective
gradually,adverb
grant,adjective
granted,verb_past
granting,verb
gratify,noun
great,noun
greater,noun
greatest,noun
greatly,adverb
greatness,noun
greece,noun
gross,noun
ground,noun
grow,noun
growing,verb
grown,noun
guard,noun
guarded,verb_past
guardian,adjective
guide,noun
guilt,noun
ha,noun
habit,noun
half,noun
hampshire,noun
hand,noun
happen,noun
happened,verb_past
happens,noun
happily,adverb
happiness,adjective
happy,noun
hardly,adverb
harmless,noun
harmony,noun
having,verb
hazard,noun
hazarded,verb_past
head,noun
heard,noun
heart,noun
held,verb_past
hereditary,adjective
heretofore,noun
hesitate,noun
high,adjective
higher,adjective
highest,adjective
highly,adverb
history,noun
hitherto,preposition
hold,noun
holding,verb
home,noun
honest,noun
honor,noun
hope,noun
hoped,verb_past
hostility,noun
house,noun
human,noun
humanity,noun
humor,noun
idea,noun
ignorance,noun
ii,noun
ill,noun
illicit,noun
illustrate,noun
illustrated,verb_past
illustration,noun
imaginary,noun
imagination,noun
imagine,noun
imagined,verb_past
imbecility,noun
immediate,noun
immediately,adverb
immense,noun
immunity,noun
impartial,noun
impartiality,noun
impeachment,noun
impediment,noun
imperfect,noun
imperfection,noun
implication,noun
implied,verb_past
implies,noun
imply,adverb
import,noun
importance,noun
important,adjective
importation,noun
imported,verb_past
impose,noun
imposed,verb_past
imposition,noun
impossibility,noun
impossible,adjective
impost,noun
impracticable,adjective
impressed,verb_past
impression,noun
improbability,noun
improbable,adjective
improper,noun
impropriety,noun
improvement,noun
impulse,noun
impunity,noun
imputation,noun
inadequate,noun
inadmissible,adjective
incapable,adjective
incapacity,noun
incident,noun
inclination,noun
incline,noun
inclined,verb_past
included,verb_past
incompatible,adjective
inconsiderable,adjective
inconsistent,noun
inconvenience,noun
inconvenient,noun
increase,noun
increased,verb_past
increasing,verb
incurred,verb_past
indefinite,adjective
independence,noun
independent,noun
indian,noun
indication,noun
indignation,noun
indirect,noun
indispensable,adjective
individual,adjective
individually,adverb
induce,noun
induced,verb_past
inducement,noun
indulge,noun
industrious,adjective
industry,noun
inevitable,adjective
inevitably,adverb
infallible,adjective
infallibly,adverb
infer,verb
inference,noun
inferior,noun
inferred,verb_past
infinite,adjective
infinitely,adverb
infirmity,noun
influence,noun
influenced,verb_past
influential,adjective
inform,noun
information,noun
informed,verb_past
infraction,noun
ingenious,adjective
ingredient,noun
inhabitant,noun
inherent,noun
injudicious,adjective
injured,verb_past
injurious,adjective
injury,noun
injustice,noun
innocent,noun
innovation,noun
inquire,noun
inquiry,noun
inseparable,adjective
inserted,verb_past
insist,noun
inspection,noun
inspire,noun
instance,noun
instead,adverb
instituted,verb_past
institution,noun
instruction,noun
instrument,noun
insufficient,noun
insuperable,adjective
insure,noun
insurrection,noun
integrity,noun
intelligence,noun
intelligent,noun
intended,verb_past
intention,noun
intercourse,noun
interdiction,noun
interested,verb_past
interesting,adjective
interference,noun
interfering,verb
interior,adjective
intermediate,noun
intermission,noun
internal,adjective
interpose,noun
interposition,noun
interpretation,noun
interval,noun
intervention,noun
intimate,noun
intricate,noun
intrigue,noun
intrinsic,noun
introduce,noun
introduced,verb_past
introducing,verb
introduction,noun
intrusted,verb_past
invaded,verb_past
invasion,noun
invested,verb_past
investigation,noun
invite,preposition
involve,noun
involved,verb_past
involves,noun
involving,verb
irreconcilable,adjective
irregular,noun
irresistible,adjective
island,noun
issue,noun
jealous,verb
jealousy,adjective
jeopardy,noun
jersey,noun
joint,noun
judge,noun
judged,verb_past
judging,verb
judgment,noun
judicatory,noun
judicial,adjective
judiciary,noun
judicious,adjective
jurisdiction,noun
jury,noun
just,adverb
justice,noun
justify,noun
justly,adverb
justness,noun
keeping,verb
kept,noun
kind,noun
kindred,verb_past
king,verb
kingdom,noun
know,noun
knowledge,noun
known,verb_past
labor,noun
labored,verb_past
laborious,adjective
laid,noun
lament,noun
land,noun
language,noun
large,adjective
larger,noun
largest,adjective
lastly,adverb
late,adjective
lately,adverb
latitude,adjective
laudable,adjective
law,noun
lay,noun
laying,verb
le,noun
lead,noun
leader,noun
leading,verb
leaf,noun
league,noun
leave,noun
leaving,verb
led,verb_past
left,noun
legal,adjective
legislation,noun
legislative,adjective
legislature,noun
legitimate,noun
length,noun
lesser,noun
lesson,noun
let,noun
level,noun
levy,noun
liable,adjective
liberty,noun
lie,noun
life,noun
light,noun
like,preposition
likely,adjective
likewise,noun
limit,noun
limitation,noun
limited,verb_past
line,noun
link,noun
list,noun
little,adverb
live,adjective
local,adjective
lodged,adjective
long,adjective
longer,noun
look,noun
looked,verb_past
lord,noun
lose,noun
loss,noun
lost,verb_past
lot,noun
love,noun
low,adjective
machine,noun
magistracy,noun
magistrate,noun
magnitude,noun
main,noun
maintain,noun
maintained,verb_past
maintaining,verb
majesty,noun
major,adjective
majority,noun
make,noun
making,verb
man,noun
management,noun
manifest,noun
mankind,noun
manner,noun
manufacture,noun
manufacturing,noun
maritime,noun
mark,noun
marked,verb_past
market,noun
maryland,noun
mass,noun
massachusetts,noun
master,noun
material,noun
materially,adverb
matter,noun
mature,noun
maxim,noun
mean,noun
meaning,noun
meant,verb_past
measure,noun
meditated,verb_past
medium,noun
meet,noun
meeting,noun
melancholy,adverb
member,noun
memory,noun
men,noun
mention,noun
mentioned,verb_past
mercantile,adjective
merchant,noun
mercy,noun
mere,adverb
merely,adverb
merit,noun
met,noun
method,noun
mild,noun
military,adjective
militia,noun
million,noun
mind,noun
minister,noun
minor,noun
minority,noun
minute,noun
mischief,noun
misfortune,noun
mislead,noun
misrepresentation,noun
mistake,noun
mistaken,noun
mixture,noun
mode,noun
model,noun
moderate,noun
moderation,noun
modern,noun
modification,noun
moment,noun
momentary,noun
monarch,noun
monarchy,noun
money,noun
monster,noun
monument,noun
moral,adjective
motif,noun
motion,noun
motive,noun
movement,noun
mr,noun
multiplication,noun
multiplied,verb_past
multiply,adverb
multitude,noun
municipal,adjective
mutable,adjective
mutual,adjective
mutually,adverb
narrow,adjective
nation,noun
national,adjective
natural,adjective
naturally,adverb
nature,noun
naval,noun
navigation,noun
navy,noun
nay,noun
near,preposition
nearly,adverb
necessarily,adverb
necessary,adjective
necessity,noun
need,noun
negative,adjective
negotiation,noun
neighbor,noun
neighborhood,noun
neighboring,verb
netherlands,noun
new,adjective
nobility,noun
noble,adjective
nominal,adjective
nomination,noun
non,noun
north,noun
notice,noun
notorious,adjective
notwithstanding,noun
nugatory,noun
number,noun
numerous,adjective
oath,noun
object,noun
objected,verb_past
objection,noun
objector,noun
obligation,noun
obligatory,noun
oblige,noun
obliged,verb_past
obnoxious,adjective
observation,noun
observe,noun
observed,verb_past
obstacle,noun
obstruct,noun
obstruction,noun
obtain,noun
obtained,verb_past
obtaining,verb
obviate,noun
obvious,adjective
occasion,noun
occasional,adjective
occasionally,adverb
occasioned,verb_past
occupation,noun
occur,noun
odious,adjective
offense,noun
offensive,noun
offered,verb_past
office,noun
officer,noun
official,noun
offspring,verb
oftener,noun
old,adjective
omission,noun
open,adjective
operate,noun
operation,noun
opinion,noun
opponent,noun
opportunity,noun
oppose,noun
opposed,verb_past
opposite,adjective
opposition,noun
oppress,noun
oppression,noun
oppressive,noun
oppressor,noun
option,noun
opulent,noun
order,noun
ordinary,noun
ordinate,noun
organ,noun
organization,noun
origin,noun
original,adjective
originate,noun
ought,modal
outrage,verb
overmatch,noun
overrule,noun
owe,noun
page,noun
paid,verb_past
palpable,adjective
paper,noun
parchment,noun
pardon,noun
parent,noun
parliament,noun
partake,noun
partial,noun
partiality,noun
participate,noun
particular,adjective
particularly,adverb
partisan,adjective
partition,noun
party,noun
pas,noun
passage,noun
passed,verb_past
passing,verb
passion,noun
past,noun
patriotic,adjective
patriotism,noun
patron,noun
pay,noun
paying,verb
payment,noun
peace,noun
peculiar,noun
peculiarity,noun
peculiarly,adverb
pecuniary,adjective
pennsylvania,noun
people,noun
perceive,adjective
perceived,verb_past
perfect,noun
perfection,noun
perfectly,adverb
perform,noun
performance,noun
performed,verb_past
period,noun
periodical,adjective
permanency,noun
permanent,noun
permit,noun
permitted,verb_past
pernicious,adjective
perpetual,adjective
perplexity,noun
person,noun
personal,adjective
personally,adverb
persuade,adjective
persuaded,verb_past
pervert,noun
picture,noun
piece,noun
place,noun
placed,verb_past
placing,verb
plain,noun
plan,noun
planned,verb_past
plausibility,noun
plausible,adjective
pleasure,noun
point,noun
pointed,verb_past
poison,noun
policy,noun
politic,adjective
political,adjective
politician,noun
politics,noun
popular,adjective
popularity,noun
population,noun
portion,noun
position,noun
positive,adjective
posse,noun
possessed,verb_past
possessing,verb
possession,noun
possibility,noun
possible,adjective
possibly,adverb
post,noun
posterity,noun
power,noun
powerful,adjective
practicable,adjective
practical,adjective
practice,noun
practiced,verb_past
pre,noun
precarious,adjective
precaution,noun
precedent,noun
preceding,verb
precious,adjective
precise,noun
precisely,adverb
preclude,verb
predecessor,noun
predilection,noun
predominant,noun
prefer,noun
preferable,adjective
preference,noun
preferred,verb_past
prejudice,noun
prepared,verb_past
prerogative,noun
prescribe,noun
prescribed,verb_past
present,noun
preservation,noun
preserve,noun
preserved,verb_past
preserving,verb
preside,noun
president,noun
presume,noun
presumed,verb_past
presumption,noun
pretend,noun
pretended,verb_past
pretense,noun
pretension,noun
pretext,noun
pretty,adverb
prevail,adjective
prevailed,verb_past
prevailing,verb
prevails,noun
prevent,noun
prevented,verb_past
preventing,verb
previous,adjective
previously,adverb
prey,noun
price,noun
pride,noun
primary,adjective
primitive,adjective
prince,noun
principal,noun
principally,adverb
principle,noun
prior,adverb
private,adjective
privilege,noun
prize,noun
probability,noun
probable,adjective
probably,adverb
proceed,verb_past
proceeded,verb_past
proceeding,noun
proceeds,noun
process,noun
produce,noun
produced,verb_past
production,noun
productive,adjective
prof,noun
profess,noun
profession,noun
profit,noun
profound,noun
progress,noun
progressive,adjective
prohibit,noun
prohibited,verb_past
prohibition,noun
project,noun
promise,noun
promote,noun
promoted,verb_past
prompt,noun
pronounce,noun
pronounced,verb_past
proof,preposition
propensity,noun
proper,noun
properly,adverb
property,noun
proportion,noun
proportionably,adverb
proportioned,verb_past
propose,noun
proposed,verb_past
proposing,verb
proposition,noun
propriety,noun
prosecution,noun
prospect,noun
prosperity,noun
protect,noun
protection,noun
prove,noun
proved,verb_past
provide,verb
provided,verb_past
provides,noun
providing,verb
province,noun
provision,noun
prudence,noun
prudent,noun
public,adjective
publication,noun
publius,verb
punish,adjective
punishment,noun
purpose,noun
pursue,noun
pursued,verb_past
pursuit,noun
qualification,noun
qualified,verb_past
quality,noun
quantity,noun
quarter,noun
quell,noun
question,noun
quota,noun
quoted,verb_past
radical,adjective
rage,noun
raise,noun
raised,verb_past
raising,verb
rank,noun
rapid,noun
rarely,adverb
rate,noun
ratification,noun
ratified,verb_past
ratio,noun
rational,adjective
reach,noun
readily,adverb
ready,adjective
real,adjective
reality,noun
really,adverb
reason,noun
reasonable,adjective
reasonably,adverb
reasoning,verb
rebellion,noun
receive,adjective
received,verb_past
reciprocal,adjective
recollect,noun
recollected,verb_past
recommend,noun
recommendation,noun
recommended,verb_past
record,noun
recourse,noun
recur,noun
redress,noun
reduce,noun
reduced,verb_past
refer,noun
reference,noun
referred,verb_past
refinement,noun
reflect,noun
reflection,noun
reform,noun
regard,noun
regarded,verb_past
region,noun
regret,noun
regular,adjective
regulate,noun
regulated,verb_past
regulating,verb
regulation,noun
reign,noun
reject,noun
rejected,verb_past
relate,adjective
relates,noun
relating,verb
relation,noun
relative,adjective
relied,adjective
relief,noun
religion,noun
rely,adverb
remain,verb
remained,verb_past
remaining,verb
remains,noun
remark,verb
remarkable,adjective
remarked,verb_past
remedy,noun
remote,noun
remove,noun
removed,verb_past
render,noun
rendered,verb_past
rendering,verb
renounce,noun
repeated,verb_past
repetition,noun
reported,verb_past
repose,adjective
represent,noun
representation,noun
representative,noun
represented,verb_past
representing,verb
republic,adjective
republican,noun
repugnancy,noun
reputation,noun
require,noun
required,verb_past
requires,noun
requiring,verb
requisite,adjective
requisition,noun
resentment,noun
reserved,verb_past
reside,noun
residuary,noun
residue,noun
resist,noun
resistance,noun
resolution,noun
resolve,noun
resort,noun
resource,noun
respect,noun
respectability,noun
respectable,adjective
respecting,noun
respective,adjective
respectively,adverb
responsibility,noun
responsible,adjective
rest,noun
restrain,noun
restrained,verb_past
restraining,verb
restraint,noun
restricted,verb_past
restriction,noun
result,noun
resulted,verb_past
resulting,verb
retain,noun
retained,verb_past
return,noun
revenue,noun
reverse,noun
review,noun
reviewed,verb_past
revision,noun
revolt,noun
revolution,noun
rhode,noun
rich,noun
right,adverb
rigid,adjective
rise,noun
risk,noun
rival,noun
rivalship,noun
rivalships,noun
river,adverb
road,adjective
roman,noun
rome,noun
room,noun
royal,noun
ruin,noun
ruinous,adjective
rule,noun
ruler,noun
run,verb_past
s,noun
sacred,verb_past
sacrifice,noun
sacrificed,verb_past
safe,noun
safeguard,noun
safely,adverb
safety,noun
said,verb_past
sake,noun
salary,noun
salutary,noun
sample,noun
sanction,noun
satisfactory,noun
satisfied,verb_past
satisfy,noun
saved,verb_past
say,noun
scale,noun
scarcely,adverb
scene,noun
scheme,noun
science,noun
scope,noun
scruple,noun
sea,noun
season,noun
seat,noun
second,adjective
secondly,adverb
secret,adjective
section,noun
secure,noun
secured,verb_past
securing,verb
security,noun
sedition,noun
seek,noun
seen,verb_past
seldom,noun
select,noun
selected,verb_past
self,PRP
senate,verb
senator,noun
senatorial,adjective
sense,noun
sensibility,noun
sensible,adjective
sentence,noun
sentiment,noun
separate,adjective
separated,verb_past
separately,adverb
separation,noun
serf,noun
series,noun
seriously,adverb
servant,adjective
serve,noun
served,verb_past
service,noun
session,noun
set,verb_past
settle,noun
settled,verb_past
seven,CD
seventy,noun
shall,modal
shape,verb
share,noun
short,noun
shown,noun
sight,noun
signal,noun
signification,noun
silence,noun
silent,noun
similar,adjective
simple,noun
single,adjective
singly,adverb
singular,adjective
sinister,noun
situated,verb_past
situation,noun
size,noun
slender,noun
small,adjective
smaller,noun
sober,noun
society,noun
soil,noun
sole,noun
solely,adverb
solemn,adjective
solid,adjective
somewhat,noun
soon,adverb
sooner,RBR
sophistry,noun
sort,noun
sought,verb_past
sound,noun
source,noun
south,noun
southern,noun
sovereign,noun
sovereignty,noun
spain,noun
speak,noun
speaking,verb
speaks,noun
special,adjective
specie,noun
specified,verb_past
specimen,noun
specious,adjective
spectacle,noun
speculation,noun
speculative,adjective
speedily,noun
sphere,adverb
spirit,noun
spite,noun
split,noun
spread,noun
spring,noun
st,noun
stability,noun
stage,noun
stamped,verb_past
stand,noun
standard,noun
standing,noun
state,noun
stated,verb_past
statesman,noun
station,noun
statute,noun
steady,adverb
step,verb
stimulated,verb_past
stipulation,noun
stock,noun
stop,verb
strength,noun
strictly,adverb
striking,verb
strong,adjective
stronger,adjective
strongest,noun
strongly,adverb
structure,noun
struggle,noun
subdue,noun
subject,noun
subjected,verb_past
subjecting,verb
submission,noun
submit,noun
submitted,verb_past
subordinate,adjective
subordination,noun
subsequent,noun
subsist,noun
substance,noun
substantial,adjective
substantially,adverb
substitute,adjective
substituted,verb_past
subvert,noun
succeeding,noun
success,noun
succession,noun
successive,noun
successor,noun
succor,noun
sudden,noun
suffer,noun
suffered,verb_past
suffice,noun
sufficiency,noun
sufficient,noun
sufficiently,adverb
suffrage,noun
suggest,verb
suggested,verb_past
suggestion,noun
sum,noun
superfluous,adjective
superintendence,noun
superintending,verb
superior,adjective
superiority,noun
supplied,verb_past
supply,adverb
supplying,verb
support,noun
supported,verb_past
suppose,noun
supposed,verb_past
supposes,noun
supposing,verb
supposition,noun
supreme,noun
sure,noun
survey,noun
susceptible,adjective
suspicion,noun
sword,noun
sympathy,noun
symptom,noun
taken,verb_past
taking,verb
talent,noun
task,noun
taught,verb_past
tax,noun
taxation,noun
teach,noun
tedious,adjective
temper,noun
tempestuous,adjective
temporary,noun
temptation,noun
tempted,verb_past
tend,noun
tendency,noun
tends,noun
tenure,verb
term,noun
terminate,noun
territory,noun
terror,noun
test,noun
th,noun
theatre,noun
theory,noun
thereof,preposition
thing,noun
think,noun
thinking,verb
thirdly,adverb
thirteen,adjective
thirty,noun
thorough,preposition
thought,noun
thousand,noun
threatened,verb_past
throne,noun
throw,noun
thrown,noun
tie,noun
till,noun
time,noun
title,noun
told,verb_past
tolerable,adjective
took,noun
topic,noun
total,noun
town,noun
trace,noun
trade,noun
traffic,noun
train,noun
tranquillity,noun
transaction,noun
transient,noun
travel,noun
treachery,noun
treasury,noun
treat,noun
treaty,noun
trial,noun
tribunal,adjective
tried,adjective
triumph,noun
troop,noun
true,noun
truly,adverb
trust,adjective
truth,noun
try,noun
turbulent,noun
turn,noun
turned,verb_past
tyrannical,adjective
tyranny,noun
u,noun
ultimate,noun
ultimately,adverb
umpire,verb
unable,adjective
unanimity,noun
unanimous,adjective
unavoidable,adjective
unavoidably,adverb
unbiased,verb_past
uncertain,noun
uncertainty,noun
unconnected,verb_past
uncontrollable,adjective
understand,noun
understanding,noun
understood,noun
undertake,noun
undertaking,verb
undue,adjective
unequal,adjective
unequivocal,adjective
unfavorable,adjective
unfit,noun
unfortunate,noun
unfortunately,adverb
unfriendly,adverb
uniform,noun
uniformity,noun
uniformly,adverb
union,noun
unite,preposition
united,verb_past
uniting,verb
unity,noun
universal,noun
unjust,noun
unknown,noun
unless,preposition
unlimited,verb_past
unnatural,adjective
unnecessary,adjective
unqualified,adjective
unquestionably,adverb
unreasonable,adjective
unsafe,noun
unwarrantable,adjective
unwilling,noun
unwise,noun
unworthy,noun
upright,noun
urge,noun
urged,verb_past
use,noun
used,verb_past
useful,adjective
useless,noun
usual,adjective
usually,adverb
usurpation,noun
utility,noun
utmost,noun
utterly,adverb
vague,adjective
vain,noun
valid,verb_past
validity,noun
valuable,adjective
value,noun
variance,noun
varied,verb_past
variety,noun
various,adjective
vary,noun
vast,noun
venture,noun
vest,noun
vested,verb_past
vesting,verb
vice,noun
vicissitude,noun
victim,noun
victory,noun
vide,noun
view,noun
viewed,verb_past
vigor,noun
vigorous,adjective
violate,noun
violated,verb_past
violation,noun
violence,noun
violent,noun
virginia,noun
virtue,noun
visionary,noun
voice,noun
void,verb_past
vol,noun
voluntary,noun
votary,noun
vote,noun
wa,noun
want,noun
wanting,verb
war,noun
warrant,noun
warranted,verb_past
way,noun
weak,noun
weaker,noun
weakness,noun
weal,noun
wealth,noun
wealthy,noun
weight,noun
weighty,noun
welfare,noun
western,noun
whilst,noun
wholly,adverb
wide,adjective
willing,adjective
wisdom,noun
wise,noun
wisely,adverb
wish,adjective
wished,adjective
withstand,noun
witness,noun
word,noun
work,noun
world,noun
worse,noun
worthy,noun
writer,noun
wrong,preposition
year,noun
yield,noun
york,noun
zeal,noun
zealous,adjective
